plan_id,issuer_name,plan_name,formulary_group,suggested_formulary_source
AZBLUE-EVERYDAYHEALTH-PROSANO-GOLD-1475,AZ Blue,EverydayHealth Prosano Gold 1475,AZBLUE_EXCHANGE_2026,BCBSAZ_2023_7_Tier_Exchange_Member.pdf (proxy uploaded); live 2026 formulary groups on AZ Blue site
AZBLUE-EVERYDAYHEALTH-PROSANO-SILVER-7500,AZ Blue,EverydayHealth Prosano Silver 7500,AZBLUE_EXCHANGE_2026,BCBSAZ_2023_7_Tier_Exchange_Member.pdf (proxy uploaded); live 2026 formulary groups on AZ Blue site
AZBLUE-EVERYDAYHEALTH-PROSANO-SILVER-4,AZ Blue,EverydayHealth Prosano Silver 4,AZBLUE_EXCHANGE_2026,BCBSAZ_2023_7_Tier_Exchange_Member.pdf (proxy uploaded); live 2026 formulary groups on AZ Blue site
AZBLUE-EVERYDAYHEALTH-PROSANO-SILVER-5,AZ Blue,EverydayHealth Prosano Silver 5,AZBLUE_EXCHANGE_2026,BCBSAZ_2023_7_Tier_Exchange_Member.pdf (proxy uploaded); live 2026 formulary groups on AZ Blue site
AZBLUE-EVERYDAYHEALTH-PROSANO-SILVER-6,AZ Blue,EverydayHealth Prosano Silver 6,AZBLUE_EXCHANGE_2026,BCBSAZ_2023_7_Tier_Exchange_Member.pdf (proxy uploaded); live 2026 formulary groups on AZ Blue site
AZBLUE-EVERYDAYHEALTH-GOLD-1475,AZ Blue,EverydayHealth Gold 1475,AZBLUE_EXCHANGE_2026,BCBSAZ_2023_7_Tier_Exchange_Member.pdf (proxy uploaded); live 2026 formulary groups on AZ Blue site
AZBLUE-EVERYDAYHEALTH-SILVER-7500,AZ Blue,EverydayHealth Silver 7500,AZBLUE_EXCHANGE_2026,BCBSAZ_2023_7_Tier_Exchange_Member.pdf (proxy uploaded); live 2026 formulary groups on AZ Blue site
AZBLUE-EVERYDAYHEALTH-SILVER-4,AZ Blue,EverydayHealth Silver 4,AZBLUE_EXCHANGE_2026,BCBSAZ_2023_7_Tier_Exchange_Member.pdf (proxy uploaded); live 2026 formulary groups on AZ Blue site
AZBLUE-EVERYDAYHEALTH-SILVER-5,AZ Blue,EverydayHealth Silver 5,AZBLUE_EXCHANGE_2026,BCBSAZ_2023_7_Tier_Exchange_Member.pdf (proxy uploaded); live 2026 formulary groups on AZ Blue site
AZBLUE-EVERYDAYHEALTH-SILVER-6,AZ Blue,EverydayHealth Silver 6,AZBLUE_EXCHANGE_2026,BCBSAZ_2023_7_Tier_Exchange_Member.pdf (proxy uploaded); live 2026 formulary groups on AZ Blue site
AZBLUE-ADVANCEHEALTH-GOLD-4800,AZ Blue,AdvanceHealth Gold 4800,AZBLUE_EXCHANGE_2026,BCBSAZ_2023_7_Tier_Exchange_Member.pdf (proxy uploaded); live 2026 formulary groups on AZ Blue site
AZBLUE-ADVANCEHEALTH-SILVER-7200,AZ Blue,AdvanceHealth Silver 7200,AZBLUE_EXCHANGE_2026,BCBSAZ_2023_7_Tier_Exchange_Member.pdf (proxy uploaded); live 2026 formulary groups on AZ Blue site
AZBLUE-ADVANCEHEALTH-BRONZE-10150,AZ Blue,AdvanceHealth Bronze 10150,AZBLUE_EXCHANGE_2026,BCBSAZ_2023_7_Tier_Exchange_Member.pdf (proxy uploaded); live 2026 formulary groups on AZ Blue site
AZBLUE-ADVANCEHEALTH-SILVER-4,AZ Blue,AdvanceHealth Silver 4,AZBLUE_EXCHANGE_2026,BCBSAZ_2023_7_Tier_Exchange_Member.pdf (proxy uploaded); live 2026 formulary groups on AZ Blue site
AZBLUE-ADVANCEHEALTH-SILVER-5,AZ Blue,AdvanceHealth Silver 5,AZBLUE_EXCHANGE_2026,BCBSAZ_2023_7_Tier_Exchange_Member.pdf (proxy uploaded); live 2026 formulary groups on AZ Blue site
AZBLUE-ADVANCEHEALTH-SILVER-6,AZ Blue,AdvanceHealth Silver 6,AZBLUE_EXCHANGE_2026,BCBSAZ_2023_7_Tier_Exchange_Member.pdf (proxy uploaded); live 2026 formulary groups on AZ Blue site
AZBLUE-PORTFOLIO-HSA-BRONZE-7100,AZ Blue,Portfolio HSA Bronze 7100,AZBLUE_EXCHANGE_2026,BCBSAZ_2023_7_Tier_Exchange_Member.pdf (proxy uploaded); live 2026 formulary groups on AZ Blue site
AZBLUE-STANDARDHEALTH-GOLD-2000,AZ Blue,StandardHealth Gold 2000,AZBLUE_EXCHANGE_2026,BCBSAZ_2023_7_Tier_Exchange_Member.pdf (proxy uploaded); live 2026 formulary groups on AZ Blue site
AZBLUE-STANDARDHEALTH-SILVER-6000,AZ Blue,StandardHealth Silver 6000,AZBLUE_EXCHANGE_2026,BCBSAZ_2023_7_Tier_Exchange_Member.pdf (proxy uploaded); live 2026 formulary groups on AZ Blue site
AZBLUE-STANDARDHEALTH-BRONZE-7500,AZ Blue,StandardHealth Bronze 7500,AZBLUE_EXCHANGE_2026,BCBSAZ_2023_7_Tier_Exchange_Member.pdf (proxy uploaded); live 2026 formulary groups on AZ Blue site
AZBLUE-STANDARDHEALTH-SILVER-4,AZ Blue,StandardHealth Silver 4,AZBLUE_EXCHANGE_2026,BCBSAZ_2023_7_Tier_Exchange_Member.pdf (proxy uploaded); live 2026 formulary groups on AZ Blue site
AZBLUE-STANDARDHEALTH-SILVER-5,AZ Blue,StandardHealth Silver 5,AZBLUE_EXCHANGE_2026,BCBSAZ_2023_7_Tier_Exchange_Member.pdf (proxy uploaded); live 2026 formulary groups on AZ Blue site
AZBLUE-STANDARDHEALTH-SILVER-6,AZ Blue,StandardHealth Silver 6,AZBLUE_EXCHANGE_2026,BCBSAZ_2023_7_Tier_Exchange_Member.pdf (proxy uploaded); live 2026 formulary groups on AZ Blue site
AZBLUE-STANDARDHEALTH-WITH-HEALTH-CHOICE-SILVER-6000,AZ Blue,StandardHealth with Health Choice Silver 6000,AZBLUE_EXCHANGE_2026,BCBSAZ_2023_7_Tier_Exchange_Member.pdf (proxy uploaded); live 2026 formulary groups on AZ Blue site
AZBLUE-STANDARDHEALTH-WITH-HEALTH-CHOICE-SILVER-4,AZ Blue,StandardHealth with Health Choice Silver 4,AZBLUE_EXCHANGE_2026,BCBSAZ_2023_7_Tier_Exchange_Member.pdf (proxy uploaded); live 2026 formulary groups on AZ Blue site
AZBLUE-STANDARDHEALTH-WITH-HEALTH-CHOICE-SILVER-5,AZ Blue,StandardHealth with Health Choice Silver 5,AZBLUE_EXCHANGE_2026,BCBSAZ_2023_7_Tier_Exchange_Member.pdf (proxy uploaded); live 2026 formulary groups on AZ Blue site
AZBLUE-STANDARDHEALTH-WITH-HEALTH-CHOICE-SILVER-6,AZ Blue,StandardHealth with Health Choice Silver 6,AZBLUE_EXCHANGE_2026,BCBSAZ_2023_7_Tier_Exchange_Member.pdf (proxy uploaded); live 2026 formulary groups on AZ Blue site
AZBLUE-EVERYDAYHEALTH-PROSANO-ZERO-COST-SHARE,AZ Blue,EverydayHealth Prosano Zero Cost Share,AZBLUE_EXCHANGE_2026_ZCS,BCBSAZ_2023_7_Tier_Exchange_Member.pdf (proxy uploaded); live 2026 formulary groups on AZ Blue site
AZBLUE-HMO-ZERO-COST-SHARE,AZ Blue,HMO Zero Cost Share,AZBLUE_EXCHANGE_2026_ZCS,BCBSAZ_2023_7_Tier_Exchange_Member.pdf (proxy uploaded); live 2026 formulary groups on AZ Blue site
AZBLUE-ADVANCEHEALTH-ZCS,AZ Blue,AdvanceHealth ZCS,AZBLUE_EXCHANGE_2026_ZCS,BCBSAZ_2023_7_Tier_Exchange_Member.pdf (proxy uploaded); live 2026 formulary groups on AZ Blue site
AZBLUE-PORTFOLIO-ZCS,AZ Blue,Portfolio ZCS,AZBLUE_EXCHANGE_2026_ZCS,BCBSAZ_2023_7_Tier_Exchange_Member.pdf (proxy uploaded); live 2026 formulary groups on AZ Blue site
AZBLUE-STANDARDHEALTH-ZCS,AZ Blue,StandardHealth ZCS,AZBLUE_EXCHANGE_2026_ZCS,BCBSAZ_2023_7_Tier_Exchange_Member.pdf (proxy uploaded); live 2026 formulary groups on AZ Blue site
AZBLUE-ACA-STANDARDHEALTH-WITH-HEALTH-CHOICE-ZERO-COST-SHARE,AZ Blue,ACA StandardHealth with Health Choice Zero Cost Share,AZBLUE_EXCHANGE_2026_ZCS,BCBSAZ_2023_7_Tier_Exchange_Member.pdf (proxy uploaded); live 2026 formulary groups on AZ Blue site
AMB-PREMIER-BRONZE-2026,Ambetter from Arizona Complete Health,Ambetter Health Premier Bronze,AMBETTER_AZ_2026,2026-az-formulary.pdf
AMB-PREMIER-SILVER-2026,Ambetter from Arizona Complete Health,Ambetter Health Premier Silver,AMBETTER_AZ_2026,2026-az-formulary.pdf
AMB-PREMIER-GOLD-2026,Ambetter from Arizona Complete Health,Ambetter Health Premier Gold,AMBETTER_AZ_2026,2026-az-formulary.pdf
AMB-SOLUTIONS-BRONZE-2026,Ambetter from Arizona Complete Health,Ambetter Health Solutions Bronze,AMBETTER_AZ_2026,2026-az-formulary.pdf
AMB-SOLUTIONS-SILVER-2026,Ambetter from Arizona Complete Health,Ambetter Health Solutions Silver,AMBETTER_AZ_2026,2026-az-formulary.pdf
AMB-SOLUTIONS-GOLD-2026,Ambetter from Arizona Complete Health,Ambetter Health Solutions Gold,AMBETTER_AZ_2026,2026-az-formulary.pdf
OSCAR-BRONZE-2026-AZ,Oscar,Oscar Bronze,OSCAR_AZ_2026,Oscar formulary/member docs not yet parsed into formulary_drugs.csv
OSCAR-SILVER-2026-AZ,Oscar,Oscar Silver,OSCAR_AZ_2026,Oscar formulary/member docs not yet parsed into formulary_drugs.csv
OSCAR-GOLD-2026-AZ,Oscar,Oscar Gold,OSCAR_AZ_2026,Oscar formulary/member docs not yet parsed into formulary_drugs.csv
UHC-AZ-ACA-BRONZE-2026,UnitedHealthcare,UnitedHealthcare Arizona ACA Bronze,UHC_AZ_2026,IFP2895550-AZ_UHC_IFP_PY26.pdf
UHC-AZ-ACA-SILVER-2026,UnitedHealthcare,UnitedHealthcare Arizona ACA Silver,UHC_AZ_2026,IFP2895550-AZ_UHC_IFP_PY26.pdf
UHC-AZ-ACA-GOLD-2026,UnitedHealthcare,UnitedHealthcare Arizona ACA Gold,UHC_AZ_2026,IFP2895550-AZ_UHC_IFP_PY26.pdf
UHC-AZ-ESSENTIAL-BRONZE-2026,UnitedHealthcare,UnitedHealthcare Essential Bronze,UHC_AZ_2026,IFP2895550-AZ_UHC_IFP_PY26.pdf
UHC-AZ-VALUE-BRONZE-2026,UnitedHealthcare,UnitedHealthcare Value Bronze,UHC_AZ_2026,IFP2895550-AZ_UHC_IFP_PY26.pdf
UHC-AZ-VALUE-SILVER-2026,UnitedHealthcare,UnitedHealthcare Value Silver,UHC_AZ_2026,IFP2895550-AZ_UHC_IFP_PY26.pdf
UHC-AZ-VALUE-GOLD-2026,UnitedHealthcare,UnitedHealthcare Value Gold,UHC_AZ_2026,IFP2895550-AZ_UHC_IFP_PY26.pdf
UHC-AZ-ADVANTAGE-2026,UnitedHealthcare,UnitedHealthcare Advantage,UHC_AZ_2026,IFP2895550-AZ_UHC_IFP_PY26.pdf
UHC-AZ-COPAY-FOCUS-2026,UnitedHealthcare,UnitedHealthcare Copay Focus,UHC_AZ_2026,IFP2895550-AZ_UHC_IFP_PY26.pdf
UHC-AZ-STANDARD-2026,UnitedHealthcare,UnitedHealthcare Standard,UHC_AZ_2026,IFP2895550-AZ_UHC_IFP_PY26.pdf
